{
    "cdn": "cdn",
    "cache": "cache",
    "tbcache.com": "Alibaba Cloud",
    "alicdn.com": "Alibaba Cloud",
    "tcdn.qq.com": "tcdn.qq.com",
    "00cdn.com": "XYcdn",
    "21cvcdn.com": "21Vianet",
    "21okglb.cn": "21Vianet",
    "21speedcdn.com": "21Vianet",
    "21vianet.com.cn": "21Vianet",
    "21vokglb.cn": "21Vianet",
    "360wzb.com": "360",
    "51cdn.com": "ChinaCache",
    "acadn.com": "Dnion",
    "aicdn.com": "UPYUN",
    "akadns.net": "Akamai",
    "akamai-staging.net": "Akamai",
    "akamai.com": "Akamai",
    "akamai.net": "Akamai",
    "akamaitech.net": "Akamai",
    "akamaized.net": "Akamai",
    "alicloudlayer.com": "ALiyun",
    "alikunlun.com": "ALiyun",
    "aliyun-inc.com": "ALiyun",
    "alicloudsec.com": "ALiyun",
    "aliyuncs.com": "ALiyun",
    "amazonaws.com": "Amazon Cloudfront",
    "anankecdn.com.br": "Ananke",
    "aodianyun.com": "VOD",
    "aqb.so": "AnQuanBao",
    "awsdns": "KeyCDN",
    "azioncdn.net": "Azion",
    "azureedge.net": "Azure CDN",
    "bdydns.com": "Baiduyun",
    "bitgravity.com": "Tata Communications",
    "cachecn.com": "CnKuai",
    "cachefly.net": "Cachefly",
    "ccgslb.com": "ChinaCache",
    "ccgslb.net": "ChinaCache",
    "ccgslb.com.cn": "ChinaCache",
    "cdn-cdn.net": "",
    "cdn.cloudflare.net": "CloudFlare",
    "cdn.dnsv1.com": "Tengxunyun",
    "cdn.ngenix.net": "",
    "cdn20.com": "ChinaCache",
    "cdn77.net": "CDN77",
    "cdn77.org": "CDN77",
    "cdnetworks.net": "CDNetworks",
    "cdnify.io": "CDNify",
    "cdnnetworks.com": "CDNetworks",
    "cdnsun.net": "CDNsun",
    "cdntip.com": "QCloud",
    "cdnudns.com": "PowerLeader",
    "cdnvideo.ru": "CDNvideo",
    "cdnzz.net": "SuZhi",
    "chinacache.net": "ChinaCache",
    "chinaidns.net": "LineFuture",
    "chinanetcenter.com": "ChinaCache",
    "cloudcdn.net": "CnKuai",
    "cloudfront.net": "Amazon Cloudfront",
    "customcdn.cn": "ChinaCache",
    "customcdn.com": "ChinaCache",
    "dnion.com": "Dnion",
    "dnspao.com": "",
    "edgecastcdn.net": "EdgeCast",
    "edgesuite.net": "Akamai",
    "ewcache.com": "Dnion",
    "fastcache.com": "FastCache",
    "fastcdn.cn": "Dnion",
    "fastly.net": "Fastly",
    "fastweb.com": "CnKuai",
    "fastwebcdn.com": "CnKuai",
    "footprint.net": "Level3",
    "fpbns.net": "Level3",
    "fwcdn.com": "CnKuai",
    "fwdns.net": "CnKuai",
    "globalcdn.cn": "Dnion",
    "hacdn.net": "CnKuai",
    "hadns.net": "CnKuai",
    "hichina.com": "WWW",
    "hichina.net": "WWW",
    "hwcdn.net": "Highwinds",
    "incapdns.net": "Incapsula",
    "internapcdn.net": "Internap",
    "jiashule.com": "Jiasule",
    "kunlun.com": "ALiyun",
    "kunlunar.com": "ALiyun",
    "kunlunca.com": "ALiyun",
    "kxcdn.com": "KeyCDN",
    "lswcdn.net": "Leaseweb",
    "lxcdn.com": "ChinaCache",
    "mwcloudcdn.com": "QUANTIL",
    "netdna-cdn.com": "MaxCDN",
    "okcdn.com": "21Vianet",
    "okglb.com": "21Vianet",
    "ourwebcdn.net": "ChinaCache",
    "ourwebpic.com": "ChinaCache",
    "presscdn.com": "Presscdn",
    "qingcdn.com": "",
    "qiniudns.com": "QiNiu",
    "skyparkcdn.net": "",
    "speedcdns.com": "QUANTIL",
    "sprycdn.com": "PowerLeader",
    "tlgslb.com": "Dnion",
    "txcdn.cn": "CDNetworks",
    "txnetworks.cn": "CDNetworks",
    "ucloud.cn": "UCloud",
    "unicache.com": "LineFuture",
    "verygslb.com": "VeryCloud",
    "vo.llnwd.net": "Limelight",
    "wscdns.com": "ChinaNetCenter",
    "wscloudcdn.com": "ChinaNetCenter",
    "xgslb.net": "Webluker",
    "ytcdn.net": "Akamai",
    "yunjiasu-cdn": "Baiduyun",
    "cloudfront": "CloudFront",
    "kunlun.com": "Alibaba Cloud",
    "ccgslb": "ChinaCache",
    "edgekey": "Akamai",
    "fastly": "Fastly",
    "chinacache": "ChinaCache",
    "edgekey": "Akamai",
    "akamai": "Akamai",
    "fastly": "Fastly",
    "edgecast": "EdgeCast",
    "azioncdn": "Azion",
    "cachefly": "CacheFly",
    "cdn77": "CDN77",
    "cdnetworks": "CDNetworks",
    "cdnify": "CDNify",
    "wscloudcdn": "ChinaNetCenter",
    "speedcdns": "ChinaNetCenter/Quantil",
    "mwcloudcdn": "ChinaNetCenter/Quantil",
    "cloudflare": "CloudFlare",
    "hwcdn": "HighWinds",
    "kxcdn": "KeyCDN",
    "awsdns": "KeyCDN",
    "fpbns": "Level3",
    "footprint": "Level3",
    "llnwd": "LimeLight",
    "netdna": "MaxCDN",
    "bitgravity": "Tata CDN",
    "azureedge": "Azure CDN",
    "anankecdn": "Anake CDN",
    "presscdn": "Press CDN",
    "telefonica": "Telefonica CDN",
    "dnsv1": "Tecent CDN",
    "cdntip": "Tecent CDN",
    "skyparkcdn": "Sky Park CDN",
    "ngenix": "Ngenix",
    "lswcdn": "LeaseWeb",
    "internapcdn": "Internap",
    "incapdns": "Incapsula",
    "cdnsun": "CDN SUN",
    "cdnvideo": "CDN Video",
    "clients.turbobytes.net": "TurboBytes",
    "clients.turbobytes.net": "TurboBytes",
    "turbobytes-cdn.com": "TurboBytes",
    "afxcdn.net": "afxcdn.net",
    "akamai.net": "Akamai",
    "akamaiedge.net": "Akamai",
    "akadns.net": "Akamai",
    "akamaitechnologies.com": "Akamai",
    "gslb.tbcache.com": "Alimama",
    "cloudfront.net": "Amazon Cloudfront",
    "anankecdn.com.br": "Ananke",
    "att-dsa.net": "AT&T",
    "azioncdn.net": "Azion",
    "belugacdn.com": "BelugaCDN",
    "bluehatnetwork.com": "Blue Hat Network",
    "systemcdn.net": "EdgeCast",
    "cachefly.net": "Cachefly",
    "cdn77.net": "CDN77",
    "cdn77.org": "CDN77",
    "panthercdn.com": "CDNetworks",
    "cdngc.net": "CDNetworks",
    "gccdn.net": "CDNetworks",
    "gccdn.cn": "CDNetworks",
    "cdnify.io": "CDNify",
    "ccgslb.com": "ChinaCache",
    "ccgslb.net": "ChinaCache",
    "c3cache.net": "ChinaCache",
    "chinacache.net": "ChinaCache",
    "cncssr.chinacache.net": "ChinaCache",
    "c3cdn.net": "ChinaCache",
    "lxdns.com": "ChinaNetCenter",
    "speedcdns.com": "QUANTIL/ChinaNetCenter",
    "mwcloudcdn.com": "QUANTIL/ChinaNetCenter",
    "cloudflare.com": "Cloudflare",
    "cloudflare.net": "Cloudflare",
    "edgecastcdn.net": "EdgeCast",
    "adn.": "EdgeCast",
    "wac.": "EdgeCast",
    "wpc.": "EdgeCast",
    "fastly.net": "Fastly",
    "fastlylb.net": "Fastly",
    "google.": "Google",
    "googlesyndication.": "Google",
    "youtube.": "Google",
    "googleusercontent.com": "Google",
    "l.doubleclick.net": "Google",
    "hiberniacdn.com": "Hibernia",
    "hwcdn.net": "Highwinds",
    "incapdns.net": "Incapsula",
    "inscname.net": "Instartlogic",
    "insnw.net": "Instartlogic",
    "internapcdn.net": "Internap",
    "kxcdn.com": "KeyCDN",
    "lswcdn.net": "LeaseWeb CDN",
    "footprint.net": "Level3",
    "llnwd.net": "Limelight",
    "lldns.net": "Limelight",
    "netdna-cdn.com": "MaxCDN",
    "netdna-ssl.com": "MaxCDN",
    "netdna.com": "MaxCDN",
    "stackpathdns.com": "StackPath",
    "mncdn.com": "Medianova",
    "instacontent.net": "Mirror Image",
    "mirror-image.net": "Mirror Image",
    "cap-mii.net": "Mirror Image",
    "rncdn1.com": "Reflected Networks",
    "simplecdn.net": "Simple CDN",
    "swiftcdn1.com": "SwiftCDN",
    "swiftserve.com": "SwiftServe",
    "gslb.taobao.com": "Taobao",
    "cdn.bitgravity.com": "Tata communications",
    "cdn.telefonica.com": "Telefonica",
    "vo.msecnd.net": "Windows Azure",
    "ay1.b.yahoo.com": "Yahoo",
    "yimg.": "Yahoo",
    "zenedge.net": "Zenedge",
    "cdnsun.net.": "CDNsun",
    "pilidns.com": "QiNiu"
}