{
  "root": "",
  "title": "awesome-golang-leetcode",
  "author": "Kyle Liu",
  "description": "LeetCode 的 golang 题解",
  "language": "en",
  "gitbook" : "3.2.3",
  "structure.readme": "README.md",
  "structure.summary": "SUMMARY.md",
  "structure.glossary": "GLOSSARY.md",
  "structure.languages": "LANGS.md",

  "links": {
    "sidebar": {
      "Home": "https://github.com/kylesliu/awesome-golang-algorithm"
    }
  },
  "plugins": [
    "-search",
    "github",
    "advanced-emoji",
    "flexible-alerts",
    "favicon-plus",
    "disqus",
    "sitemap"
  ],

  "pluginsConfig": {
    "favicon": "assets/images/favicon.ico",
    "appleTouchIconPrecomposed152": "path to appleTouchIconPrecomposed152.png",
    "output": "book output path",
    "github": {
      "url": "https://github.com/kylesliu/awesome-golang-algorithm"
    },
    "disqus": {
      "shortName": "go-leetcode"
    },
    "sitemap": {
      "hostname": "https://leetcode.gin.sh/"
    },
    "sharing": {
      "weibo": true,
      "facebook": true,
      "twitter": true,
      "google": false,
      "instapaper": false,
      "vk": false,
      "all": [
        "facebook", "google", "twitter","weibo", "instapaper"
      ]
    },
    "flexible-alerts": {
      "note": {
        "label": "Hinweis"
      },
      "tip": {
        "label": "Tip"
      },
      "warning": {
        "label": "Warnung"
      },
      "danger": {
        "label": "Achtung"
      }
    }
  }
}
